{
  "Version": 1,
  "ManifestType": "Publish",
  "Endpoints": [
    {
      "Route": "SimpleBlazor.styles.css",
      "AssetFile": "SimpleBlazor.styles.css",
      "Selectors": [],
      "ResponseHeaders": [
        {
          "Name": "Accept-Ranges",
          "Value": "bytes"
        },
        {
          "Name": "Cache-Control",
          "Value": "no-cache"
        },
        {
          "Name": "Content-Length",
          "Value": "503"
        },
        {
          "Name": "Content-Type",
          "Value": "text/css"
        },
        {
          "Name": "ETag",
          "Value": "\"X79kFOyyvDp1R6WYgCliSkv8mTWUY/LoxOWxz+Z7ulY=\""
        },
        {
          "Name": "Last-Modified",
          "Value": "Wed, 27 Nov 2024 17:59:33 GMT"
        }
      ],
      "EndpointProperties": [
        {
          "Name": "integrity",
          "Value": "sha256-X79kFOyyvDp1R6WYgCliSkv8mTWUY/LoxOWxz+Z7ulY="
        }
      ]
    },
    {
      "Route": "SimpleBlazor.vwo5ycacs7.styles.css",
      "AssetFile": "SimpleBlazor.styles.css",
      "Selectors": [],
      "ResponseHeaders": [
        {
          "Name": "Accept-Ranges",
          "Value": "bytes"
        },
        {
          "Name": "Cache-Control",
          "Value": "max-age=31536000, immutable"
        },
        {
          "Name": "Content-Length",
          "Value": "503"
        },
        {
          "Name": "Content-Type",
          "Value": "text/css"
        },
        {
          "Name": "ETag",
          "Value": "\"X79kFOyyvDp1R6WYgCliSkv8mTWUY/LoxOWxz+Z7ulY=\""
        },
        {
          "Name": "Last-Modified",
          "Value": "Wed, 27 Nov 2024 17:59:33 GMT"
        }
      ],
      "EndpointProperties": [
        {
          "Name": "fingerprint",
          "Value": "vwo5ycacs7"
        },
        {
          "Name": "integrity",
          "Value": "sha256-X79kFOyyvDp1R6WYgCliSkv8mTWUY/LoxOWxz+Z7ulY="
        },
        {
          "Name": "label",
          "Value": "SimpleBlazor.styles.css"
        }
      ]
    },
    {
      "Route": "app.bq4na1pnp2.css",
      "AssetFile": "app.css",
      "Selectors": [],
      "ResponseHeaders": [
        {
          "Name": "Accept-Ranges",
          "Value": "bytes"
        },
        {
          "Name": "Cache-Control",
          "Value": "max-age=31536000, immutable"
        },
        {
          "Name": "Content-Length",
          "Value": "206130"
        },
        {
          "Name": "Content-Type",
          "Value": "text/css"
        },
        {
          "Name": "ETag",
          "Value": "\"TUqD7leC74f9CjFEsMa/kK1XC6a1tP2ij9dk2wUPqpo=\""
        },
        {
          "Name": "Last-Modified",
          "Value": "Tue, 19 Nov 2024 15:34:40 GMT"
        }
      ],
      "EndpointProperties": [
        {
          "Name": "fingerprint",
          "Value": "bq4na1pnp2"
        },
        {
          "Name": "integrity",
          "Value": "sha256-TUqD7leC74f9CjFEsMa/kK1XC6a1tP2ij9dk2wUPqpo="
        },
        {
          "Name": "label",
          "Value": "app.css"
        }
      ]
    },
    {
      "Route": "app.css",
      "AssetFile": "app.css",
      "Selectors": [],
      "ResponseHeaders": [
        {
          "Name": "Accept-Ranges",
          "Value": "bytes"
        },
        {
          "Name": "Cache-Control",
          "Value": "no-cache"
        },
        {
          "Name": "Content-Length",
          "Value": "206130"
        },
        {
          "Name": "Content-Type",
          "Value": "text/css"
        },
        {
          "Name": "ETag",
          "Value": "\"TUqD7leC74f9CjFEsMa/kK1XC6a1tP2ij9dk2wUPqpo=\""
        },
        {
          "Name": "Last-Modified",
          "Value": "Tue, 19 Nov 2024 15:34:40 GMT"
        }
      ],
      "EndpointProperties": [
        {
          "Name": "integrity",
          "Value": "sha256-TUqD7leC74f9CjFEsMa/kK1XC6a1tP2ij9dk2wUPqpo="
        }
      ]
    },
    {
      "Route": "images/Simple_Header_to_Copy.jpg",
      "AssetFile": "images/Simple_Header_to_Copy.jpg",
      "Selectors": [],
      "ResponseHeaders": [
        {
          "Name": "Accept-Ranges",
          "Value": "bytes"
        },
        {
          "Name": "Cache-Control",
          "Value": "max-age=3600, must-revalidate"
        },
        {
          "Name": "Content-Length",
          "Value": "1168093"
        },
        {
          "Name": "Content-Type",
          "Value": "image/jpeg"
        },
        {
          "Name": "ETag",
          "Value": "\"lsRF2kpZ5mgDIio9oElAOuzKY+mhG8yf/emSZNOckwQ=\""
        },
        {
          "Name": "Last-Modified",
          "Value": "Tue, 19 Nov 2024 15:34:40 GMT"
        }
      ],
      "EndpointProperties": [
        {
          "Name": "integrity",
          "Value": "sha256-lsRF2kpZ5mgDIio9oElAOuzKY+mhG8yf/emSZNOckwQ="
        }
      ]
    },
    {
      "Route": "images/Simple_Header_to_Copy.qz9wiadpbl.jpg",
      "AssetFile": "images/Simple_Header_to_Copy.jpg",
      "Selectors": [],
      "ResponseHeaders": [
        {
          "Name": "Accept-Ranges",
          "Value": "bytes"
        },
        {
          "Name": "Cache-Control",
          "Value": "max-age=31536000, immutable"
        },
        {
          "Name": "Content-Length",
          "Value": "1168093"
        },
        {
          "Name": "Content-Type",
          "Value": "image/jpeg"
        },
        {
          "Name": "ETag",
          "Value": "\"lsRF2kpZ5mgDIio9oElAOuzKY+mhG8yf/emSZNOckwQ=\""
        },
        {
          "Name": "Last-Modified",
          "Value": "Tue, 19 Nov 2024 15:34:40 GMT"
        }
      ],
      "EndpointProperties": [
        {
          "Name": "fingerprint",
          "Value": "qz9wiadpbl"
        },
        {
          "Name": "integrity",
          "Value": "sha256-lsRF2kpZ5mgDIio9oElAOuzKY+mhG8yf/emSZNOckwQ="
        },
        {
          "Name": "label",
          "Value": "images/Simple_Header_to_Copy.jpg"
        }
      ]
    },
    {
      "Route": "images/asterisks.j9l9qwmw0q.svg",
      "AssetFile": "images/asterisks.svg",
      "Selectors": [],
      "ResponseHeaders": [
        {
          "Name": "Accept-Ranges",
          "Value": "bytes"
        },
        {
          "Name": "Cache-Control",
          "Value": "max-age=31536000, immutable"
        },
        {
          "Name": "Content-Length",
          "Value": "3277"
        },
        {
          "Name": "Content-Type",
          "Value": "image/svg+xml"
        },
        {
          "Name": "ETag",
          "Value": "\"5w3BDXvzvp0CHEj5VYc+DipbxI9Q5OmgpeFB3c2HdMc=\""
        },
        {
          "Name": "Last-Modified",
          "Value": "Tue, 19 Nov 2024 15:34:40 GMT"
        }
      ],
      "EndpointProperties": [
        {
          "Name": "fingerprint",
          "Value": "j9l9qwmw0q"
        },
        {
          "Name": "integrity",
          "Value": "sha256-5w3BDXvzvp0CHEj5VYc+DipbxI9Q5OmgpeFB3c2HdMc="
        },
        {
          "Name": "label",
          "Value": "images/asterisks.svg"
        }
      ]
    },
    {
      "Route": "images/asterisks.svg",
      "AssetFile": "images/asterisks.svg",
      "Selectors": [],
      "ResponseHeaders": [
        {
          "Name": "Accept-Ranges",
          "Value": "bytes"
        },
        {
          "Name": "Cache-Control",
          "Value": "max-age=3600, must-revalidate"
        },
        {
          "Name": "Content-Length",
          "Value": "3277"
        },
        {
          "Name": "Content-Type",
          "Value": "image/svg+xml"
        },
        {
          "Name": "ETag",
          "Value": "\"5w3BDXvzvp0CHEj5VYc+DipbxI9Q5OmgpeFB3c2HdMc=\""
        },
        {
          "Name": "Last-Modified",
          "Value": "Tue, 19 Nov 2024 15:34:40 GMT"
        }
      ],
      "EndpointProperties": [
        {
          "Name": "integrity",
          "Value": "sha256-5w3BDXvzvp0CHEj5VYc+DipbxI9Q5OmgpeFB3c2HdMc="
        }
      ]
    },
    {
      "Route": "images/bulb-black.cwqae80qs2.svg",
      "AssetFile": "images/bulb-black.svg",
      "Selectors": [],
      "ResponseHeaders": [
        {
          "Name": "Accept-Ranges",
          "Value": "bytes"
        },
        {
          "Name": "Cache-Control",
          "Value": "max-age=31536000, immutable"
        },
        {
          "Name": "Content-Length",
          "Value": "12587"
        },
        {
          "Name": "Content-Type",
          "Value": "image/svg+xml"
        },
        {
          "Name": "ETag",
          "Value": "\"VOuFS+71ttbs6rL839PKYRiO2f9MpW/ENvxbsejL4Bw=\""
        },
        {
          "Name": "Last-Modified",
          "Value": "Tue, 19 Nov 2024 15:34:40 GMT"
        }
      ],
      "EndpointProperties": [
        {
          "Name": "fingerprint",
          "Value": "cwqae80qs2"
        },
        {
          "Name": "integrity",
          "Value": "sha256-VOuFS+71ttbs6rL839PKYRiO2f9MpW/ENvxbsejL4Bw="
        },
        {
          "Name": "label",
          "Value": "images/bulb-black.svg"
        }
      ]
    },
    {
      "Route": "images/bulb-black.svg",
      "AssetFile": "images/bulb-black.svg",
      "Selectors": [],
      "ResponseHeaders": [
        {
          "Name": "Accept-Ranges",
          "Value": "bytes"
        },
        {
          "Name": "Cache-Control",
          "Value": "max-age=3600, must-revalidate"
        },
        {
          "Name": "Content-Length",
          "Value": "12587"
        },
        {
          "Name": "Content-Type",
          "Value": "image/svg+xml"
        },
        {
          "Name": "ETag",
          "Value": "\"VOuFS+71ttbs6rL839PKYRiO2f9MpW/ENvxbsejL4Bw=\""
        },
        {
          "Name": "Last-Modified",
          "Value": "Tue, 19 Nov 2024 15:34:40 GMT"
        }
      ],
      "EndpointProperties": [
        {
          "Name": "integrity",
          "Value": "sha256-VOuFS+71ttbs6rL839PKYRiO2f9MpW/ENvxbsejL4Bw="
        }
      ]
    },
    {
      "Route": "images/chevron-down-blue.bxzn7vnaqk.svg",
      "AssetFile": "images/chevron-down-blue.svg",
      "Selectors": [],
      "ResponseHeaders": [
        {
          "Name": "Accept-Ranges",
          "Value": "bytes"
        },
        {
          "Name": "Cache-Control",
          "Value": "max-age=31536000, immutable"
        },
        {
          "Name": "Content-Length",
          "Value": "212"
        },
        {
          "Name": "Content-Type",
          "Value": "image/svg+xml"
        },
        {
          "Name": "ETag",
          "Value": "\"YbdeAc8pU0+uIeur45Rd6fA41Ar0yIKA94XTWA46A4s=\""
        },
        {
          "Name": "Last-Modified",
          "Value": "Thu, 21 Nov 2024 15:56:19 GMT"
        }
      ],
      "EndpointProperties": [
        {
          "Name": "fingerprint",
          "Value": "bxzn7vnaqk"
        },
        {
          "Name": "integrity",
          "Value": "sha256-YbdeAc8pU0+uIeur45Rd6fA41Ar0yIKA94XTWA46A4s="
        },
        {
          "Name": "label",
          "Value": "images/chevron-down-blue.svg"
        }
      ]
    },
    {
      "Route": "images/chevron-down-blue.svg",
      "AssetFile": "images/chevron-down-blue.svg",
      "Selectors": [],
      "ResponseHeaders": [
        {
          "Name": "Accept-Ranges",
          "Value": "bytes"
        },
        {
          "Name": "Cache-Control",
          "Value": "max-age=3600, must-revalidate"
        },
        {
          "Name": "Content-Length",
          "Value": "212"
        },
        {
          "Name": "Content-Type",
          "Value": "image/svg+xml"
        },
        {
          "Name": "ETag",
          "Value": "\"YbdeAc8pU0+uIeur45Rd6fA41Ar0yIKA94XTWA46A4s=\""
        },
        {
          "Name": "Last-Modified",
          "Value": "Thu, 21 Nov 2024 15:56:19 GMT"
        }
      ],
      "EndpointProperties": [
        {
          "Name": "integrity",
          "Value": "sha256-YbdeAc8pU0+uIeur45Rd6fA41Ar0yIKA94XTWA46A4s="
        }
      ]
    },
    {
      "Route": "images/dotted-line-blue.azy2xeh9k7.svg",
      "AssetFile": "images/dotted-line-blue.svg",
      "Selectors": [],
      "ResponseHeaders": [
        {
          "Name": "Accept-Ranges",
          "Value": "bytes"
        },
        {
          "Name": "Cache-Control",
          "Value": "max-age=31536000, immutable"
        },
        {
          "Name": "Content-Length",
          "Value": "6662"
        },
        {
          "Name": "Content-Type",
          "Value": "image/svg+xml"
        },
        {
          "Name": "ETag",
          "Value": "\"atkaH/X1iPiTLLdo2kYC7CixynljCXjAF581pJ/GmmE=\""
        },
        {
          "Name": "Last-Modified",
          "Value": "Thu, 21 Nov 2024 16:01:00 GMT"
        }
      ],
      "EndpointProperties": [
        {
          "Name": "fingerprint",
          "Value": "azy2xeh9k7"
        },
        {
          "Name": "integrity",
          "Value": "sha256-atkaH/X1iPiTLLdo2kYC7CixynljCXjAF581pJ/GmmE="
        },
        {
          "Name": "label",
          "Value": "images/dotted-line-blue.svg"
        }
      ]
    },
    {
      "Route": "images/dotted-line-blue.svg",
      "AssetFile": "images/dotted-line-blue.svg",
      "Selectors": [],
      "ResponseHeaders": [
        {
          "Name": "Accept-Ranges",
          "Value": "bytes"
        },
        {
          "Name": "Cache-Control",
          "Value": "max-age=3600, must-revalidate"
        },
        {
          "Name": "Content-Length",
          "Value": "6662"
        },
        {
          "Name": "Content-Type",
          "Value": "image/svg+xml"
        },
        {
          "Name": "ETag",
          "Value": "\"atkaH/X1iPiTLLdo2kYC7CixynljCXjAF581pJ/GmmE=\""
        },
        {
          "Name": "Last-Modified",
          "Value": "Thu, 21 Nov 2024 16:01:00 GMT"
        }
      ],
      "EndpointProperties": [
        {
          "Name": "integrity",
          "Value": "sha256-atkaH/X1iPiTLLdo2kYC7CixynljCXjAF581pJ/GmmE="
        }
      ]
    },
    {
      "Route": "images/exclamation.svg",
      "AssetFile": "images/exclamation.svg",
      "Selectors": [],
      "ResponseHeaders": [
        {
          "Name": "Accept-Ranges",
          "Value": "bytes"
        },
        {
          "Name": "Cache-Control",
          "Value": "max-age=3600, must-revalidate"
        },
        {
          "Name": "Content-Length",
          "Value": "3199"
        },
        {
          "Name": "Content-Type",
          "Value": "image/svg+xml"
        },
        {
          "Name": "ETag",
          "Value": "\"c+ROddARMtIxkQEja+rL0GGeQCzQXJzvfR+5t6xeM7U=\""
        },
        {
          "Name": "Last-Modified",
          "Value": "Tue, 19 Nov 2024 15:34:40 GMT"
        }
      ],
      "EndpointProperties": [
        {
          "Name": "integrity",
          "Value": "sha256-c+ROddARMtIxkQEja+rL0GGeQCzQXJzvfR+5t6xeM7U="
        }
      ]
    },
    {
      "Route": "images/exclamation.vtk89wq0uq.svg",
      "AssetFile": "images/exclamation.svg",
      "Selectors": [],
      "ResponseHeaders": [
        {
          "Name": "Accept-Ranges",
          "Value": "bytes"
        },
        {
          "Name": "Cache-Control",
          "Value": "max-age=31536000, immutable"
        },
        {
          "Name": "Content-Length",
          "Value": "3199"
        },
        {
          "Name": "Content-Type",
          "Value": "image/svg+xml"
        },
        {
          "Name": "ETag",
          "Value": "\"c+ROddARMtIxkQEja+rL0GGeQCzQXJzvfR+5t6xeM7U=\""
        },
        {
          "Name": "Last-Modified",
          "Value": "Tue, 19 Nov 2024 15:34:40 GMT"
        }
      ],
      "EndpointProperties": [
        {
          "Name": "fingerprint",
          "Value": "vtk89wq0uq"
        },
        {
          "Name": "integrity",
          "Value": "sha256-c+ROddARMtIxkQEja+rL0GGeQCzQXJzvfR+5t6xeM7U="
        },
        {
          "Name": "label",
          "Value": "images/exclamation.svg"
        }
      ]
    },
    {
      "Route": "images/facebook-f-brands-black.daam7hfgz8.svg",
      "AssetFile": "images/facebook-f-brands-black.svg",
      "Selectors": [],
      "ResponseHeaders": [
        {
          "Name": "Accept-Ranges",
          "Value": "bytes"
        },
        {
          "Name": "Cache-Control",
          "Value": "max-age=31536000, immutable"
        },
        {
          "Name": "Content-Length",
          "Value": "327"
        },
        {
          "Name": "Content-Type",
          "Value": "image/svg+xml"
        },
        {
          "Name": "ETag",
          "Value": "\"a+d+x4EOWIy1MnOtEdEH623ZcehhATkyDgfi7V6R8xk=\""
        },
        {
          "Name": "Last-Modified",
          "Value": "Tue, 19 Nov 2024 15:34:40 GMT"
        }
      ],
      "EndpointProperties": [
        {
          "Name": "fingerprint",
          "Value": "daam7hfgz8"
        },
        {
          "Name": "integrity",
          "Value": "sha256-a+d+x4EOWIy1MnOtEdEH623ZcehhATkyDgfi7V6R8xk="
        },
        {
          "Name": "label",
          "Value": "images/facebook-f-brands-black.svg"
        }
      ]
    },
    {
      "Route": "images/facebook-f-brands-black.svg",
      "AssetFile": "images/facebook-f-brands-black.svg",
      "Selectors": [],
      "ResponseHeaders": [
        {
          "Name": "Accept-Ranges",
          "Value": "bytes"
        },
        {
          "Name": "Cache-Control",
          "Value": "max-age=3600, must-revalidate"
        },
        {
          "Name": "Content-Length",
          "Value": "327"
        },
        {
          "Name": "Content-Type",
          "Value": "image/svg+xml"
        },
        {
          "Name": "ETag",
          "Value": "\"a+d+x4EOWIy1MnOtEdEH623ZcehhATkyDgfi7V6R8xk=\""
        },
        {
          "Name": "Last-Modified",
          "Value": "Tue, 19 Nov 2024 15:34:40 GMT"
        }
      ],
      "EndpointProperties": [
        {
          "Name": "integrity",
          "Value": "sha256-a+d+x4EOWIy1MnOtEdEH623ZcehhATkyDgfi7V6R8xk="
        }
      ]
    },
    {
      "Route": "images/grad-cap.9p704iw77m.svg",
      "AssetFile": "images/grad-cap.svg",
      "Selectors": [],
      "ResponseHeaders": [
        {
          "Name": "Accept-Ranges",
          "Value": "bytes"
        },
        {
          "Name": "Cache-Control",
          "Value": "max-age=31536000, immutable"
        },
        {
          "Name": "Content-Length",
          "Value": "18235"
        },
        {
          "Name": "Content-Type",
          "Value": "image/svg+xml"
        },
        {
          "Name": "ETag",
          "Value": "\"/fIKBk7yXnFd/mtkDoeGHhm9IDKX6Ue/40SucTZcywk=\""
        },
        {
          "Name": "Last-Modified",
          "Value": "Tue, 19 Nov 2024 15:34:40 GMT"
        }
      ],
      "EndpointProperties": [
        {
          "Name": "fingerprint",
          "Value": "9p704iw77m"
        },
        {
          "Name": "integrity",
          "Value": "sha256-/fIKBk7yXnFd/mtkDoeGHhm9IDKX6Ue/40SucTZcywk="
        },
        {
          "Name": "label",
          "Value": "images/grad-cap.svg"
        }
      ]
    },
    {
      "Route": "images/grad-cap.svg",
      "AssetFile": "images/grad-cap.svg",
      "Selectors": [],
      "ResponseHeaders": [
        {
          "Name": "Accept-Ranges",
          "Value": "bytes"
        },
        {
          "Name": "Cache-Control",
          "Value": "max-age=3600, must-revalidate"
        },
        {
          "Name": "Content-Length",
          "Value": "18235"
        },
        {
          "Name": "Content-Type",
          "Value": "image/svg+xml"
        },
        {
          "Name": "ETag",
          "Value": "\"/fIKBk7yXnFd/mtkDoeGHhm9IDKX6Ue/40SucTZcywk=\""
        },
        {
          "Name": "Last-Modified",
          "Value": "Tue, 19 Nov 2024 15:34:40 GMT"
        }
      ],
      "EndpointProperties": [
        {
          "Name": "integrity",
          "Value": "sha256-/fIKBk7yXnFd/mtkDoeGHhm9IDKX6Ue/40SucTZcywk="
        }
      ]
    },
    {
      "Route": "images/hand-drawn-light-phone-III.hil87cvntt.svg",
      "AssetFile": "images/hand-drawn-light-phone-III.svg",
      "Selectors": [],
      "ResponseHeaders": [
        {
          "Name": "Accept-Ranges",
          "Value": "bytes"
        },
        {
          "Name": "Cache-Control",
          "Value": "max-age=31536000, immutable"
        },
        {
          "Name": "Content-Length",
          "Value": "118214"
        },
        {
          "Name": "Content-Type",
          "Value": "image/svg+xml"
        },
        {
          "Name": "ETag",
          "Value": "\"6eWkVW6x1upE3WEKpuQFd8rVTKool3VXocc1y33X8Q0=\""
        },
        {
          "Name": "Last-Modified",
          "Value": "Tue, 19 Nov 2024 15:34:40 GMT"
        }
      ],
      "EndpointProperties": [
        {
          "Name": "fingerprint",
          "Value": "hil87cvntt"
        },
        {
          "Name": "integrity",
          "Value": "sha256-6eWkVW6x1upE3WEKpuQFd8rVTKool3VXocc1y33X8Q0="
        },
        {
          "Name": "label",
          "Value": "images/hand-drawn-light-phone-III.svg"
        }
      ]
    },
    {
      "Route": "images/hand-drawn-light-phone-III.svg",
      "AssetFile": "images/hand-drawn-light-phone-III.svg",
      "Selectors": [],
      "ResponseHeaders": [
        {
          "Name": "Accept-Ranges",
          "Value": "bytes"
        },
        {
          "Name": "Cache-Control",
          "Value": "max-age=3600, must-revalidate"
        },
        {
          "Name": "Content-Length",
          "Value": "118214"
        },
        {
          "Name": "Content-Type",
          "Value": "image/svg+xml"
        },
        {
          "Name": "ETag",
          "Value": "\"6eWkVW6x1upE3WEKpuQFd8rVTKool3VXocc1y33X8Q0=\""
        },
        {
          "Name": "Last-Modified",
          "Value": "Tue, 19 Nov 2024 15:34:40 GMT"
        }
      ],
      "EndpointProperties": [
        {
          "Name": "integrity",
          "Value": "sha256-6eWkVW6x1upE3WEKpuQFd8rVTKool3VXocc1y33X8Q0="
        }
      ]
    },
    {
      "Route": "images/instagram-brands-black.r5yvv6y3gi.svg",
      "AssetFile": "images/instagram-brands-black.svg",
      "Selectors": [],
      "ResponseHeaders": [
        {
          "Name": "Accept-Ranges",
          "Value": "bytes"
        },
        {
          "Name": "Cache-Control",
          "Value": "max-age=31536000, immutable"
        },
        {
          "Name": "Content-Length",
          "Value": "1745"
        },
        {
          "Name": "Content-Type",
          "Value": "image/svg+xml"
        },
        {
          "Name": "ETag",
          "Value": "\"r/VD0MgUe8Q+MngFHFJitVQc/8WgtE9s3N7g7XLSwkA=\""
        },
        {
          "Name": "Last-Modified",
          "Value": "Tue, 19 Nov 2024 15:34:40 GMT"
        }
      ],
      "EndpointProperties": [
        {
          "Name": "fingerprint",
          "Value": "r5yvv6y3gi"
        },
        {
          "Name": "integrity",
          "Value": "sha256-r/VD0MgUe8Q+MngFHFJitVQc/8WgtE9s3N7g7XLSwkA="
        },
        {
          "Name": "label",
          "Value": "images/instagram-brands-black.svg"
        }
      ]
    },
    {
      "Route": "images/instagram-brands-black.svg",
      "AssetFile": "images/instagram-brands-black.svg",
      "Selectors": [],
      "ResponseHeaders": [
        {
          "Name": "Accept-Ranges",
          "Value": "bytes"
        },
        {
          "Name": "Cache-Control",
          "Value": "max-age=3600, must-revalidate"
        },
        {
          "Name": "Content-Length",
          "Value": "1745"
        },
        {
          "Name": "Content-Type",
          "Value": "image/svg+xml"
        },
        {
          "Name": "ETag",
          "Value": "\"r/VD0MgUe8Q+MngFHFJitVQc/8WgtE9s3N7g7XLSwkA=\""
        },
        {
          "Name": "Last-Modified",
          "Value": "Tue, 19 Nov 2024 15:34:40 GMT"
        }
      ],
      "EndpointProperties": [
        {
          "Name": "integrity",
          "Value": "sha256-r/VD0MgUe8Q+MngFHFJitVQc/8WgtE9s3N7g7XLSwkA="
        }
      ]
    },
    {
      "Route": "images/light-phone-home.8k1107zyp3.webp",
      "AssetFile": "images/light-phone-home.webp",
      "Selectors": [],
      "ResponseHeaders": [
        {
          "Name": "Accept-Ranges",
          "Value": "bytes"
        },
        {
          "Name": "Cache-Control",
          "Value": "max-age=31536000, immutable"
        },
        {
          "Name": "Content-Length",
          "Value": "13276"
        },
        {
          "Name": "Content-Type",
          "Value": "image/webp"
        },
        {
          "Name": "ETag",
          "Value": "\"2BXsTOCy///gX/Sk0LYNy84XNfldRNGBSo/OYLzGyPk=\""
        },
        {
          "Name": "Last-Modified",
          "Value": "Tue, 19 Nov 2024 15:34:40 GMT"
        }
      ],
      "EndpointProperties": [
        {
          "Name": "fingerprint",
          "Value": "8k1107zyp3"
        },
        {
          "Name": "integrity",
          "Value": "sha256-2BXsTOCy///gX/Sk0LYNy84XNfldRNGBSo/OYLzGyPk="
        },
        {
          "Name": "label",
          "Value": "images/light-phone-home.webp"
        }
      ]
    },
    {
      "Route": "images/light-phone-home.webp",
      "AssetFile": "images/light-phone-home.webp",
      "Selectors": [],
      "ResponseHeaders": [
        {
          "Name": "Accept-Ranges",
          "Value": "bytes"
        },
        {
          "Name": "Cache-Control",
          "Value": "max-age=3600, must-revalidate"
        },
        {
          "Name": "Content-Length",
          "Value": "13276"
        },
        {
          "Name": "Content-Type",
          "Value": "image/webp"
        },
        {
          "Name": "ETag",
          "Value": "\"2BXsTOCy///gX/Sk0LYNy84XNfldRNGBSo/OYLzGyPk=\""
        },
        {
          "Name": "Last-Modified",
          "Value": "Tue, 19 Nov 2024 15:34:40 GMT"
        }
      ],
      "EndpointProperties": [
        {
          "Name": "integrity",
          "Value": "sha256-2BXsTOCy///gX/Sk0LYNy84XNfldRNGBSo/OYLzGyPk="
        }
      ]
    },
    {
      "Route": "images/lines-01.0mt5eu59bc.svg",
      "AssetFile": "images/lines-01.svg",
      "Selectors": [],
      "ResponseHeaders": [
        {
          "Name": "Accept-Ranges",
          "Value": "bytes"
        },
        {
          "Name": "Cache-Control",
          "Value": "max-age=31536000, immutable"
        },
        {
          "Name": "Content-Length",
          "Value": "1975"
        },
        {
          "Name": "Content-Type",
          "Value": "image/svg+xml"
        },
        {
          "Name": "ETag",
          "Value": "\"KLsQtDKyyxMnI6jyRffTG4vlZPNEyy51WMDLpmvkmBY=\""
        },
        {
          "Name": "Last-Modified",
          "Value": "Tue, 19 Nov 2024 15:34:40 GMT"
        }
      ],
      "EndpointProperties": [
        {
          "Name": "fingerprint",
          "Value": "0mt5eu59bc"
        },
        {
          "Name": "integrity",
          "Value": "sha256-KLsQtDKyyxMnI6jyRffTG4vlZPNEyy51WMDLpmvkmBY="
        },
        {
          "Name": "label",
          "Value": "images/lines-01.svg"
        }
      ]
    },
    {
      "Route": "images/lines-01.svg",
      "AssetFile": "images/lines-01.svg",
      "Selectors": [],
      "ResponseHeaders": [
        {
          "Name": "Accept-Ranges",
          "Value": "bytes"
        },
        {
          "Name": "Cache-Control",
          "Value": "max-age=3600, must-revalidate"
        },
        {
          "Name": "Content-Length",
          "Value": "1975"
        },
        {
          "Name": "Content-Type",
          "Value": "image/svg+xml"
        },
        {
          "Name": "ETag",
          "Value": "\"KLsQtDKyyxMnI6jyRffTG4vlZPNEyy51WMDLpmvkmBY=\""
        },
        {
          "Name": "Last-Modified",
          "Value": "Tue, 19 Nov 2024 15:34:40 GMT"
        }
      ],
      "EndpointProperties": [
        {
          "Name": "integrity",
          "Value": "sha256-KLsQtDKyyxMnI6jyRffTG4vlZPNEyy51WMDLpmvkmBY="
        }
      ]
    },
    {
      "Route": "images/lines-02.nzt338noco.svg",
      "AssetFile": "images/lines-02.svg",
      "Selectors": [],
      "ResponseHeaders": [
        {
          "Name": "Accept-Ranges",
          "Value": "bytes"
        },
        {
          "Name": "Cache-Control",
          "Value": "max-age=31536000, immutable"
        },
        {
          "Name": "Content-Length",
          "Value": "2033"
        },
        {
          "Name": "Content-Type",
          "Value": "image/svg+xml"
        },
        {
          "Name": "ETag",
          "Value": "\"bdJ+DeOp45qE5dh9ewOFDM9PP3A3UHauY97NeLjpBSU=\""
        },
        {
          "Name": "Last-Modified",
          "Value": "Tue, 19 Nov 2024 15:34:40 GMT"
        }
      ],
      "EndpointProperties": [
        {
          "Name": "fingerprint",
          "Value": "nzt338noco"
        },
        {
          "Name": "integrity",
          "Value": "sha256-bdJ+DeOp45qE5dh9ewOFDM9PP3A3UHauY97NeLjpBSU="
        },
        {
          "Name": "label",
          "Value": "images/lines-02.svg"
        }
      ]
    },
    {
      "Route": "images/lines-02.svg",
      "AssetFile": "images/lines-02.svg",
      "Selectors": [],
      "ResponseHeaders": [
        {
          "Name": "Accept-Ranges",
          "Value": "bytes"
        },
        {
          "Name": "Cache-Control",
          "Value": "max-age=3600, must-revalidate"
        },
        {
          "Name": "Content-Length",
          "Value": "2033"
        },
        {
          "Name": "Content-Type",
          "Value": "image/svg+xml"
        },
        {
          "Name": "ETag",
          "Value": "\"bdJ+DeOp45qE5dh9ewOFDM9PP3A3UHauY97NeLjpBSU=\""
        },
        {
          "Name": "Last-Modified",
          "Value": "Tue, 19 Nov 2024 15:34:40 GMT"
        }
      ],
      "EndpointProperties": [
        {
          "Name": "integrity",
          "Value": "sha256-bdJ+DeOp45qE5dh9ewOFDM9PP3A3UHauY97NeLjpBSU="
        }
      ]
    },
    {
      "Route": "images/linkedin-in-brands-black.24i3sfjyi9.svg",
      "AssetFile": "images/linkedin-in-brands-black.svg",
      "Selectors": [],
      "ResponseHeaders": [
        {
          "Name": "Accept-Ranges",
          "Value": "bytes"
        },
        {
          "Name": "Cache-Control",
          "Value": "max-age=31536000, immutable"
        },
        {
          "Name": "Content-Length",
          "Value": "517"
        },
        {
          "Name": "Content-Type",
          "Value": "image/svg+xml"
        },
        {
          "Name": "ETag",
          "Value": "\"jpkXsO+8hzOkDLxFtSCc3RPj+xWcVEiAGJllv3YOxbo=\""
        },
        {
          "Name": "Last-Modified",
          "Value": "Tue, 19 Nov 2024 15:34:40 GMT"
        }
      ],
      "EndpointProperties": [
        {
          "Name": "fingerprint",
          "Value": "24i3sfjyi9"
        },
        {
          "Name": "integrity",
          "Value": "sha256-jpkXsO+8hzOkDLxFtSCc3RPj+xWcVEiAGJllv3YOxbo="
        },
        {
          "Name": "label",
          "Value": "images/linkedin-in-brands-black.svg"
        }
      ]
    },
    {
      "Route": "images/linkedin-in-brands-black.svg",
      "AssetFile": "images/linkedin-in-brands-black.svg",
      "Selectors": [],
      "ResponseHeaders": [
        {
          "Name": "Accept-Ranges",
          "Value": "bytes"
        },
        {
          "Name": "Cache-Control",
          "Value": "max-age=3600, must-revalidate"
        },
        {
          "Name": "Content-Length",
          "Value": "517"
        },
        {
          "Name": "Content-Type",
          "Value": "image/svg+xml"
        },
        {
          "Name": "ETag",
          "Value": "\"jpkXsO+8hzOkDLxFtSCc3RPj+xWcVEiAGJllv3YOxbo=\""
        },
        {
          "Name": "Last-Modified",
          "Value": "Tue, 19 Nov 2024 15:34:40 GMT"
        }
      ],
      "EndpointProperties": [
        {
          "Name": "integrity",
          "Value": "sha256-jpkXsO+8hzOkDLxFtSCc3RPj+xWcVEiAGJllv3YOxbo="
        }
      ]
    },
    {
      "Route": "images/microscope.ofjpt152ki.svg",
      "AssetFile": "images/microscope.svg",
      "Selectors": [],
      "ResponseHeaders": [
        {
          "Name": "Accept-Ranges",
          "Value": "bytes"
        },
        {
          "Name": "Cache-Control",
          "Value": "max-age=31536000, immutable"
        },
        {
          "Name": "Content-Length",
          "Value": "19499"
        },
        {
          "Name": "Content-Type",
          "Value": "image/svg+xml"
        },
        {
          "Name": "ETag",
          "Value": "\"pN8nk5rVluVwahXUA+35LZxmwgbNtVqeiKzAGM59ek8=\""
        },
        {
          "Name": "Last-Modified",
          "Value": "Tue, 19 Nov 2024 15:34:40 GMT"
        }
      ],
      "EndpointProperties": [
        {
          "Name": "fingerprint",
          "Value": "ofjpt152ki"
        },
        {
          "Name": "integrity",
          "Value": "sha256-pN8nk5rVluVwahXUA+35LZxmwgbNtVqeiKzAGM59ek8="
        },
        {
          "Name": "label",
          "Value": "images/microscope.svg"
        }
      ]
    },
    {
      "Route": "images/microscope.svg",
      "AssetFile": "images/microscope.svg",
      "Selectors": [],
      "ResponseHeaders": [
        {
          "Name": "Accept-Ranges",
          "Value": "bytes"
        },
        {
          "Name": "Cache-Control",
          "Value": "max-age=3600, must-revalidate"
        },
        {
          "Name": "Content-Length",
          "Value": "19499"
        },
        {
          "Name": "Content-Type",
          "Value": "image/svg+xml"
        },
        {
          "Name": "ETag",
          "Value": "\"pN8nk5rVluVwahXUA+35LZxmwgbNtVqeiKzAGM59ek8=\""
        },
        {
          "Name": "Last-Modified",
          "Value": "Tue, 19 Nov 2024 15:34:40 GMT"
        }
      ],
      "EndpointProperties": [
        {
          "Name": "integrity",
          "Value": "sha256-pN8nk5rVluVwahXUA+35LZxmwgbNtVqeiKzAGM59ek8="
        }
      ]
    },
    {
      "Route": "images/number-one.qvtm7ad36l.svg",
      "AssetFile": "images/number-one.svg",
      "Selectors": [],
      "ResponseHeaders": [
        {
          "Name": "Accept-Ranges",
          "Value": "bytes"
        },
        {
          "Name": "Cache-Control",
          "Value": "max-age=31536000, immutable"
        },
        {
          "Name": "Content-Length",
          "Value": "6818"
        },
        {
          "Name": "Content-Type",
          "Value": "image/svg+xml"
        },
        {
          "Name": "ETag",
          "Value": "\"OmB5/8HL0yeYwbxzcr32StyTRDH1VUfdglRsOHc7zAE=\""
        },
        {
          "Name": "Last-Modified",
          "Value": "Thu, 21 Nov 2024 16:12:12 GMT"
        }
      ],
      "EndpointProperties": [
        {
          "Name": "fingerprint",
          "Value": "qvtm7ad36l"
        },
        {
          "Name": "integrity",
          "Value": "sha256-OmB5/8HL0yeYwbxzcr32StyTRDH1VUfdglRsOHc7zAE="
        },
        {
          "Name": "label",
          "Value": "images/number-one.svg"
        }
      ]
    },
    {
      "Route": "images/number-one.svg",
      "AssetFile": "images/number-one.svg",
      "Selectors": [],
      "ResponseHeaders": [
        {
          "Name": "Accept-Ranges",
          "Value": "bytes"
        },
        {
          "Name": "Cache-Control",
          "Value": "max-age=3600, must-revalidate"
        },
        {
          "Name": "Content-Length",
          "Value": "6818"
        },
        {
          "Name": "Content-Type",
          "Value": "image/svg+xml"
        },
        {
          "Name": "ETag",
          "Value": "\"OmB5/8HL0yeYwbxzcr32StyTRDH1VUfdglRsOHc7zAE=\""
        },
        {
          "Name": "Last-Modified",
          "Value": "Thu, 21 Nov 2024 16:12:12 GMT"
        }
      ],
      "EndpointProperties": [
        {
          "Name": "integrity",
          "Value": "sha256-OmB5/8HL0yeYwbxzcr32StyTRDH1VUfdglRsOHc7zAE="
        }
      ]
    },
    {
      "Route": "images/number-three.92itoyxul9.svg",
      "AssetFile": "images/number-three.svg",
      "Selectors": [],
      "ResponseHeaders": [
        {
          "Name": "Accept-Ranges",
          "Value": "bytes"
        },
        {
          "Name": "Cache-Control",
          "Value": "max-age=31536000, immutable"
        },
        {
          "Name": "Content-Length",
          "Value": "9103"
        },
        {
          "Name": "Content-Type",
          "Value": "image/svg+xml"
        },
        {
          "Name": "ETag",
          "Value": "\"T4+U0ebDyavpz20mtv8u+6BVuETEU0CsRb5o2TCfBLw=\""
        },
        {
          "Name": "Last-Modified",
          "Value": "Thu, 21 Nov 2024 16:12:18 GMT"
        }
      ],
      "EndpointProperties": [
        {
          "Name": "fingerprint",
          "Value": "92itoyxul9"
        },
        {
          "Name": "integrity",
          "Value": "sha256-T4+U0ebDyavpz20mtv8u+6BVuETEU0CsRb5o2TCfBLw="
        },
        {
          "Name": "label",
          "Value": "images/number-three.svg"
        }
      ]
    },
    {
      "Route": "images/number-three.svg",
      "AssetFile": "images/number-three.svg",
      "Selectors": [],
      "ResponseHeaders": [
        {
          "Name": "Accept-Ranges",
          "Value": "bytes"
        },
        {
          "Name": "Cache-Control",
          "Value": "max-age=3600, must-revalidate"
        },
        {
          "Name": "Content-Length",
          "Value": "9103"
        },
        {
          "Name": "Content-Type",
          "Value": "image/svg+xml"
        },
        {
          "Name": "ETag",
          "Value": "\"T4+U0ebDyavpz20mtv8u+6BVuETEU0CsRb5o2TCfBLw=\""
        },
        {
          "Name": "Last-Modified",
          "Value": "Thu, 21 Nov 2024 16:12:18 GMT"
        }
      ],
      "EndpointProperties": [
        {
          "Name": "integrity",
          "Value": "sha256-T4+U0ebDyavpz20mtv8u+6BVuETEU0CsRb5o2TCfBLw="
        }
      ]
    },
    {
      "Route": "images/number-two.eu5hdyu09f.svg",
      "AssetFile": "images/number-two.svg",
      "Selectors": [],
      "ResponseHeaders": [
        {
          "Name": "Accept-Ranges",
          "Value": "bytes"
        },
        {
          "Name": "Cache-Control",
          "Value": "max-age=31536000, immutable"
        },
        {
          "Name": "Content-Length",
          "Value": "10308"
        },
        {
          "Name": "Content-Type",
          "Value": "image/svg+xml"
        },
        {
          "Name": "ETag",
          "Value": "\"1gysBE5TPJBmUBgx2HrzGWh37rHkAfOHjBeQn0Lg9lg=\""
        },
        {
          "Name": "Last-Modified",
          "Value": "Thu, 21 Nov 2024 16:12:15 GMT"
        }
      ],
      "EndpointProperties": [
        {
          "Name": "fingerprint",
          "Value": "eu5hdyu09f"
        },
        {
          "Name": "integrity",
          "Value": "sha256-1gysBE5TPJBmUBgx2HrzGWh37rHkAfOHjBeQn0Lg9lg="
        },
        {
          "Name": "label",
          "Value": "images/number-two.svg"
        }
      ]
    },
    {
      "Route": "images/number-two.svg",
      "AssetFile": "images/number-two.svg",
      "Selectors": [],
      "ResponseHeaders": [
        {
          "Name": "Accept-Ranges",
          "Value": "bytes"
        },
        {
          "Name": "Cache-Control",
          "Value": "max-age=3600, must-revalidate"
        },
        {
          "Name": "Content-Length",
          "Value": "10308"
        },
        {
          "Name": "Content-Type",
          "Value": "image/svg+xml"
        },
        {
          "Name": "ETag",
          "Value": "\"1gysBE5TPJBmUBgx2HrzGWh37rHkAfOHjBeQn0Lg9lg=\""
        },
        {
          "Name": "Last-Modified",
          "Value": "Thu, 21 Nov 2024 16:12:15 GMT"
        }
      ],
      "EndpointProperties": [
        {
          "Name": "integrity",
          "Value": "sha256-1gysBE5TPJBmUBgx2HrzGWh37rHkAfOHjBeQn0Lg9lg="
        }
      ]
    },
    {
      "Route": "images/pencil.bwtviu7pff.svg",
      "AssetFile": "images/pencil.svg",
      "Selectors": [],
      "ResponseHeaders": [
        {
          "Name": "Accept-Ranges",
          "Value": "bytes"
        },
        {
          "Name": "Cache-Control",
          "Value": "max-age=31536000, immutable"
        },
        {
          "Name": "Content-Length",
          "Value": "3727"
        },
        {
          "Name": "Content-Type",
          "Value": "image/svg+xml"
        },
        {
          "Name": "ETag",
          "Value": "\"G+MbXThoKCoEKvMnKlWGLcxUg7Q/48WghMSP1TVzQyg=\""
        },
        {
          "Name": "Last-Modified",
          "Value": "Tue, 19 Nov 2024 15:34:40 GMT"
        }
      ],
      "EndpointProperties": [
        {
          "Name": "fingerprint",
          "Value": "bwtviu7pff"
        },
        {
          "Name": "integrity",
          "Value": "sha256-G+MbXThoKCoEKvMnKlWGLcxUg7Q/48WghMSP1TVzQyg="
        },
        {
          "Name": "label",
          "Value": "images/pencil.svg"
        }
      ]
    },
    {
      "Route": "images/pencil.svg",
      "AssetFile": "images/pencil.svg",
      "Selectors": [],
      "ResponseHeaders": [
        {
          "Name": "Accept-Ranges",
          "Value": "bytes"
        },
        {
          "Name": "Cache-Control",
          "Value": "max-age=3600, must-revalidate"
        },
        {
          "Name": "Content-Length",
          "Value": "3727"
        },
        {
          "Name": "Content-Type",
          "Value": "image/svg+xml"
        },
        {
          "Name": "ETag",
          "Value": "\"G+MbXThoKCoEKvMnKlWGLcxUg7Q/48WghMSP1TVzQyg=\""
        },
        {
          "Name": "Last-Modified",
          "Value": "Tue, 19 Nov 2024 15:34:40 GMT"
        }
      ],
      "EndpointProperties": [
        {
          "Name": "integrity",
          "Value": "sha256-G+MbXThoKCoEKvMnKlWGLcxUg7Q/48WghMSP1TVzQyg="
        }
      ]
    },
    {
      "Route": "images/pluses-07-blue.rnf0oo140o.svg",
      "AssetFile": "images/pluses-07-blue.svg",
      "Selectors": [],
      "ResponseHeaders": [
        {
          "Name": "Accept-Ranges",
          "Value": "bytes"
        },
        {
          "Name": "Cache-Control",
          "Value": "max-age=31536000, immutable"
        },
        {
          "Name": "Content-Length",
          "Value": "7411"
        },
        {
          "Name": "Content-Type",
          "Value": "image/svg+xml"
        },
        {
          "Name": "ETag",
          "Value": "\"uSjxTPpNzrCRXL6mGbIhw5JFaOrJ1a+42hxAWl4QubU=\""
        },
        {
          "Name": "Last-Modified",
          "Value": "Thu, 21 Nov 2024 16:02:43 GMT"
        }
      ],
      "EndpointProperties": [
        {
          "Name": "fingerprint",
          "Value": "rnf0oo140o"
        },
        {
          "Name": "integrity",
          "Value": "sha256-uSjxTPpNzrCRXL6mGbIhw5JFaOrJ1a+42hxAWl4QubU="
        },
        {
          "Name": "label",
          "Value": "images/pluses-07-blue.svg"
        }
      ]
    },
    {
      "Route": "images/pluses-07-blue.svg",
      "AssetFile": "images/pluses-07-blue.svg",
      "Selectors": [],
      "ResponseHeaders": [
        {
          "Name": "Accept-Ranges",
          "Value": "bytes"
        },
        {
          "Name": "Cache-Control",
          "Value": "max-age=3600, must-revalidate"
        },
        {
          "Name": "Content-Length",
          "Value": "7411"
        },
        {
          "Name": "Content-Type",
          "Value": "image/svg+xml"
        },
        {
          "Name": "ETag",
          "Value": "\"uSjxTPpNzrCRXL6mGbIhw5JFaOrJ1a+42hxAWl4QubU=\""
        },
        {
          "Name": "Last-Modified",
          "Value": "Thu, 21 Nov 2024 16:02:43 GMT"
        }
      ],
      "EndpointProperties": [
        {
          "Name": "integrity",
          "Value": "sha256-uSjxTPpNzrCRXL6mGbIhw5JFaOrJ1a+42hxAWl4QubU="
        }
      ]
    },
    {
      "Route": "images/quotations-blue.svg",
      "AssetFile": "images/quotations-blue.svg",
      "Selectors": [],
      "ResponseHeaders": [
        {
          "Name": "Accept-Ranges",
          "Value": "bytes"
        },
        {
          "Name": "Cache-Control",
          "Value": "max-age=3600, must-revalidate"
        },
        {
          "Name": "Content-Length",
          "Value": "1987"
        },
        {
          "Name": "Content-Type",
          "Value": "image/svg+xml"
        },
        {
          "Name": "ETag",
          "Value": "\"ZAKVhrEuuFFfFsvyLrCQNkEnGjN3Klv1HBspUlpAOEo=\""
        },
        {
          "Name": "Last-Modified",
          "Value": "Tue, 19 Nov 2024 15:34:40 GMT"
        }
      ],
      "EndpointProperties": [
        {
          "Name": "integrity",
          "Value": "sha256-ZAKVhrEuuFFfFsvyLrCQNkEnGjN3Klv1HBspUlpAOEo="
        }
      ]
    },
    {
      "Route": "images/quotations-blue.whecqtcmbl.svg",
      "AssetFile": "images/quotations-blue.svg",
      "Selectors": [],
      "ResponseHeaders": [
        {
          "Name": "Accept-Ranges",
          "Value": "bytes"
        },
        {
          "Name": "Cache-Control",
          "Value": "max-age=31536000, immutable"
        },
        {
          "Name": "Content-Length",
          "Value": "1987"
        },
        {
          "Name": "Content-Type",
          "Value": "image/svg+xml"
        },
        {
          "Name": "ETag",
          "Value": "\"ZAKVhrEuuFFfFsvyLrCQNkEnGjN3Klv1HBspUlpAOEo=\""
        },
        {
          "Name": "Last-Modified",
          "Value": "Tue, 19 Nov 2024 15:34:40 GMT"
        }
      ],
      "EndpointProperties": [
        {
          "Name": "fingerprint",
          "Value": "whecqtcmbl"
        },
        {
          "Name": "integrity",
          "Value": "sha256-ZAKVhrEuuFFfFsvyLrCQNkEnGjN3Klv1HBspUlpAOEo="
        },
        {
          "Name": "label",
          "Value": "images/quotations-blue.svg"
        }
      ]
    },
    {
      "Route": "images/simple-ai-logo.svg",
      "AssetFile": "images/simple-ai-logo.svg",
      "Selectors": [],
      "ResponseHeaders": [
        {
          "Name": "Accept-Ranges",
          "Value": "bytes"
        },
        {
          "Name": "Cache-Control",
          "Value": "max-age=3600, must-revalidate"
        },
        {
          "Name": "Content-Length",
          "Value": "11882"
        },
        {
          "Name": "Content-Type",
          "Value": "image/svg+xml"
        },
        {
          "Name": "ETag",
          "Value": "\"smFXCfeiVH+G9ZY6u05vrKMqzMQdGXZy9aQ0u+w4XJU=\""
        },
        {
          "Name": "Last-Modified",
          "Value": "Tue, 19 Nov 2024 15:34:40 GMT"
        }
      ],
      "EndpointProperties": [
        {
          "Name": "integrity",
          "Value": "sha256-smFXCfeiVH+G9ZY6u05vrKMqzMQdGXZy9aQ0u+w4XJU="
        }
      ]
    },
    {
      "Route": "images/simple-ai-logo.y734lkbse1.svg",
      "AssetFile": "images/simple-ai-logo.svg",
      "Selectors": [],
      "ResponseHeaders": [
        {
          "Name": "Accept-Ranges",
          "Value": "bytes"
        },
        {
          "Name": "Cache-Control",
          "Value": "max-age=31536000, immutable"
        },
        {
          "Name": "Content-Length",
          "Value": "11882"
        },
        {
          "Name": "Content-Type",
          "Value": "image/svg+xml"
        },
        {
          "Name": "ETag",
          "Value": "\"smFXCfeiVH+G9ZY6u05vrKMqzMQdGXZy9aQ0u+w4XJU=\""
        },
        {
          "Name": "Last-Modified",
          "Value": "Tue, 19 Nov 2024 15:34:40 GMT"
        }
      ],
      "EndpointProperties": [
        {
          "Name": "fingerprint",
          "Value": "y734lkbse1"
        },
        {
          "Name": "integrity",
          "Value": "sha256-smFXCfeiVH+G9ZY6u05vrKMqzMQdGXZy9aQ0u+w4XJU="
        },
        {
          "Name": "label",
          "Value": "images/simple-ai-logo.svg"
        }
      ]
    },
    {
      "Route": "images/swirly-arrow-white.4hcuzcayvm.svg",
      "AssetFile": "images/swirly-arrow-white.svg",
      "Selectors": [],
      "ResponseHeaders": [
        {
          "Name": "Accept-Ranges",
          "Value": "bytes"
        },
        {
          "Name": "Cache-Control",
          "Value": "max-age=31536000, immutable"
        },
        {
          "Name": "Content-Length",
          "Value": "3939"
        },
        {
          "Name": "Content-Type",
          "Value": "image/svg+xml"
        },
        {
          "Name": "ETag",
          "Value": "\"qG0Isc09kWsjccXkKKIkdQ1+qXbVBsR9KR1BGoo8tVM=\""
        },
        {
          "Name": "Last-Modified",
          "Value": "Thu, 21 Nov 2024 15:52:06 GMT"
        }
      ],
      "EndpointProperties": [
        {
          "Name": "fingerprint",
          "Value": "4hcuzcayvm"
        },
        {
          "Name": "integrity",
          "Value": "sha256-qG0Isc09kWsjccXkKKIkdQ1+qXbVBsR9KR1BGoo8tVM="
        },
        {
          "Name": "label",
          "Value": "images/swirly-arrow-white.svg"
        }
      ]
    },
    {
      "Route": "images/swirly-arrow-white.svg",
      "AssetFile": "images/swirly-arrow-white.svg",
      "Selectors": [],
      "ResponseHeaders": [
        {
          "Name": "Accept-Ranges",
          "Value": "bytes"
        },
        {
          "Name": "Cache-Control",
          "Value": "max-age=3600, must-revalidate"
        },
        {
          "Name": "Content-Length",
          "Value": "3939"
        },
        {
          "Name": "Content-Type",
          "Value": "image/svg+xml"
        },
        {
          "Name": "ETag",
          "Value": "\"qG0Isc09kWsjccXkKKIkdQ1+qXbVBsR9KR1BGoo8tVM=\""
        },
        {
          "Name": "Last-Modified",
          "Value": "Thu, 21 Nov 2024 15:52:06 GMT"
        }
      ],
      "EndpointProperties": [
        {
          "Name": "integrity",
          "Value": "sha256-qG0Isc09kWsjccXkKKIkdQ1+qXbVBsR9KR1BGoo8tVM="
        }
      ]
    },
    {
      "Route": "images/thumbs-up.naxfm8xwsg.svg",
      "AssetFile": "images/thumbs-up.svg",
      "Selectors": [],
      "ResponseHeaders": [
        {
          "Name": "Accept-Ranges",
          "Value": "bytes"
        },
        {
          "Name": "Cache-Control",
          "Value": "max-age=31536000, immutable"
        },
        {
          "Name": "Content-Length",
          "Value": "17032"
        },
        {
          "Name": "Content-Type",
          "Value": "image/svg+xml"
        },
        {
          "Name": "ETag",
          "Value": "\"T1wZV4d0eLECZGrxUEog99QP+o2ul99eEBzlROWO/a8=\""
        },
        {
          "Name": "Last-Modified",
          "Value": "Tue, 19 Nov 2024 15:34:40 GMT"
        }
      ],
      "EndpointProperties": [
        {
          "Name": "fingerprint",
          "Value": "naxfm8xwsg"
        },
        {
          "Name": "integrity",
          "Value": "sha256-T1wZV4d0eLECZGrxUEog99QP+o2ul99eEBzlROWO/a8="
        },
        {
          "Name": "label",
          "Value": "images/thumbs-up.svg"
        }
      ]
    },
    {
      "Route": "images/thumbs-up.svg",
      "AssetFile": "images/thumbs-up.svg",
      "Selectors": [],
      "ResponseHeaders": [
        {
          "Name": "Accept-Ranges",
          "Value": "bytes"
        },
        {
          "Name": "Cache-Control",
          "Value": "max-age=3600, must-revalidate"
        },
        {
          "Name": "Content-Length",
          "Value": "17032"
        },
        {
          "Name": "Content-Type",
          "Value": "image/svg+xml"
        },
        {
          "Name": "ETag",
          "Value": "\"T1wZV4d0eLECZGrxUEog99QP+o2ul99eEBzlROWO/a8=\""
        },
        {
          "Name": "Last-Modified",
          "Value": "Tue, 19 Nov 2024 15:34:40 GMT"
        }
      ],
      "EndpointProperties": [
        {
          "Name": "integrity",
          "Value": "sha256-T1wZV4d0eLECZGrxUEog99QP+o2ul99eEBzlROWO/a8="
        }
      ]
    },
    {
      "Route": "images/twitter-brands-black.svg",
      "AssetFile": "images/twitter-brands-black.svg",
      "Selectors": [],
      "ResponseHeaders": [
        {
          "Name": "Accept-Ranges",
          "Value": "bytes"
        },
        {
          "Name": "Cache-Control",
          "Value": "max-age=3600, must-revalidate"
        },
        {
          "Name": "Content-Length",
          "Value": "953"
        },
        {
          "Name": "Content-Type",
          "Value": "image/svg+xml"
        },
        {
          "Name": "ETag",
          "Value": "\"zcAlDMNO9cwlDM8HUyjxMAcKPsYcSldsOakLu5tOSyE=\""
        },
        {
          "Name": "Last-Modified",
          "Value": "Tue, 19 Nov 2024 15:34:40 GMT"
        }
      ],
      "EndpointProperties": [
        {
          "Name": "integrity",
          "Value": "sha256-zcAlDMNO9cwlDM8HUyjxMAcKPsYcSldsOakLu5tOSyE="
        }
      ]
    },
    {
      "Route": "images/twitter-brands-black.tcw0phwqju.svg",
      "AssetFile": "images/twitter-brands-black.svg",
      "Selectors": [],
      "ResponseHeaders": [
        {
          "Name": "Accept-Ranges",
          "Value": "bytes"
        },
        {
          "Name": "Cache-Control",
          "Value": "max-age=31536000, immutable"
        },
        {
          "Name": "Content-Length",
          "Value": "953"
        },
        {
          "Name": "Content-Type",
          "Value": "image/svg+xml"
        },
        {
          "Name": "ETag",
          "Value": "\"zcAlDMNO9cwlDM8HUyjxMAcKPsYcSldsOakLu5tOSyE=\""
        },
        {
          "Name": "Last-Modified",
          "Value": "Tue, 19 Nov 2024 15:34:40 GMT"
        }
      ],
      "EndpointProperties": [
        {
          "Name": "fingerprint",
          "Value": "tcw0phwqju"
        },
        {
          "Name": "integrity",
          "Value": "sha256-zcAlDMNO9cwlDM8HUyjxMAcKPsYcSldsOakLu5tOSyE="
        },
        {
          "Name": "label",
          "Value": "images/twitter-brands-black.svg"
        }
      ]
    },
    {
      "Route": "images/youtube-brands-black.k30dn0rg69.svg",
      "AssetFile": "images/youtube-brands-black.svg",
      "Selectors": [],
      "ResponseHeaders": [
        {
          "Name": "Accept-Ranges",
          "Value": "bytes"
        },
        {
          "Name": "Cache-Control",
          "Value": "max-age=31536000, immutable"
        },
        {
          "Name": "Content-Length",
          "Value": "668"
        },
        {
          "Name": "Content-Type",
          "Value": "image/svg+xml"
        },
        {
          "Name": "ETag",
          "Value": "\"QJd0b4rMXu6eHBmKrSk897QzFZ6+9HthlcMJLLWMiIQ=\""
        },
        {
          "Name": "Last-Modified",
          "Value": "Tue, 19 Nov 2024 15:34:40 GMT"
        }
      ],
      "EndpointProperties": [
        {
          "Name": "fingerprint",
          "Value": "k30dn0rg69"
        },
        {
          "Name": "integrity",
          "Value": "sha256-QJd0b4rMXu6eHBmKrSk897QzFZ6+9HthlcMJLLWMiIQ="
        },
        {
          "Name": "label",
          "Value": "images/youtube-brands-black.svg"
        }
      ]
    },
    {
      "Route": "images/youtube-brands-black.svg",
      "AssetFile": "images/youtube-brands-black.svg",
      "Selectors": [],
      "ResponseHeaders": [
        {
          "Name": "Accept-Ranges",
          "Value": "bytes"
        },
        {
          "Name": "Cache-Control",
          "Value": "max-age=3600, must-revalidate"
        },
        {
          "Name": "Content-Length",
          "Value": "668"
        },
        {
          "Name": "Content-Type",
          "Value": "image/svg+xml"
        },
        {
          "Name": "ETag",
          "Value": "\"QJd0b4rMXu6eHBmKrSk897QzFZ6+9HthlcMJLLWMiIQ=\""
        },
        {
          "Name": "Last-Modified",
          "Value": "Tue, 19 Nov 2024 15:34:40 GMT"
        }
      ],
      "EndpointProperties": [
        {
          "Name": "integrity",
          "Value": "sha256-QJd0b4rMXu6eHBmKrSk897QzFZ6+9HthlcMJLLWMiIQ="
        }
      ]
    }
  ]
}